row_key,key,source,famer_keys,famer_brand_list,famer_model_list,famer_model_no_list,famer_keys,famer_product_name,famer_weight,famer_digital_zoom,famer_optical_zoom,famer_height,famer_width,famer_sensor,model_no_list,famer_mpn_list,famer_ean_list
1,5f3ba61e3fd5b671b220024a,buy.net,oly3,olympus,tg3,3,oly3,olympusstylustoughtg3,0.54,4.0,4.0,2.6,4.4,CMOS,/,/,/
2,5f3ba61e3fd5b671b220025e,buy.net,nik600,nikon,p600,600,nik600,nikoncoolpixp600,1.24,4.0,60.0,3.4,5.0,CMOS,/,/,/
3,5f3ba61e3fd5b671b220027a,buy.net,col2,coleman,2v7wpo,2,col2,coleman2v7wpo,0.40,8.0,,2.5,3.8,CMOS,/,/,/
4,5f3ba61e3fd5b671b2200281,buy.net,lei6,leica,dlux6,6,lei6,leicadlux6,0.65,4.0,3.8,2.6,4.4,CMOS,/,/,/
5,5f3ba61e3fd5b671b2200297,buy.net,son100-2,sony,dscrx100m,100-2,son100-2,sonydscrx100m,0.47,14.0,3.6,2.3,4.0,Exmor CMOS,/,/,/
6,5f3ba61e3fd5b671b220029d,buy.net,nik3600,nikon,s3600,3600,nik3600,nikoncoolpixs3600,0.28,4.0,8.0,2.3,3.9,CCD,/,/,/
7,5f3ba61e3fd5b671b220029e,buy.net,nik1,nikon,aw1,1,nik1,nikonaw1,,,,,,,/,/,/
8,5f3ba61e3fd5b671b22002a7,buy.net,pan40,panasonic,dmczs40,40,pan40,panasoniclumixdmczs40,0.03,4.0,30.0,2.53,4.35,CMOS,/,/,/
9,5f3ba61e3fd5b671b22002a9,buy.net,pol326,polaroid,is326,326,pol326,polaroidis326,,4.0,3.0,,,CMOS,/,/,/
10,5f3ba61e3fd5b671b22002ab,buy.net,nik4,nikon,d4s,4,nik4,nikond4s,2.60,,,6.2,6.3,CMOS,/,/,/
11,5f3ba61e3fd5b671b22002e1,buy.net,viv46,vivitar,vivicam46,46,viv46,vivitarvivicam46,,4.0,,7.25,9.75,CMOS,/,/,/
12,5f3ba61e3fd5b671b22002e8,buy.net,sam2000,samsung,nx2000,2000,sam2000,samsungnx2000,0.50,,2.5142,2.5,4.7,CMOS,/,/,/
13,5f3ba61e3fd5b671b22002fa,buy.net,nik120,nikon,aw120,120,nik120,nikoncoolpixaw120,0.47,4.0,5.0,2.6,4.4,CMOS,/,/,/
14,5f3ba61e3fd5b671b2200305,buy.net,son400,sony,dschx400,400,son400,sonycybershotdschx400,0.09,50.0,50.0,3.75,5.13,CMOS,/,/,/
15,5f3ba61e3fd5b671b220030a,buy.net,sam820,samsung,sl820,820,sam820,samsungsl820,0.31,5.0,5.0,2.3,3.7,CCD,/,/,/
16,5f3ba61e3fd5b671b220030d,buy.net,can,canon,eos,,can,canoneosrebel,0.99,,,3.8,5.0,CMOS,/,/,/
17,5f3ba61e3fd5b671b220030e,buy.net,nik5200,nikon,s5200,5200,nik5200,nikoncoolpixs5200,0.32,4.0,6.0,2.3,3.9,CMOS,/,/,/
18,5f3ba61e3fd5b671b220030f,buy.net,sam120,samsung,gc120,120,sam120,samsunggalaxygc120,0.67,,21.0,2.8,5.1,CMOS,/,/,/
19,5f3ba61e3fd5b671b2200316,buy.net,can5,canon,t5i,5,can5,canoneosrebelt5i,0.07,,3.1,3.9,5.2,CMOS,/,/,/
20,5f3ba61e3fd5b671b2200322,buy.net,nik6500,nikon,s6500,6500,nik6500,nikoncoolpixs6500,0.34,4.0,12.0,2.3,3.8,CMOS,/,/,/
21,5f3ba61e3fd5b671b2200327,buy.net,nik230,nikon,s230,230,nik230,nikoncoolpixs230,0.26,4.0,3.0,2.2,3.6,CCD,/,/,/
22,5f3ba61e3fd5b671b2200333,buy.net,son6000,sony,a6000,6000,son6000,sonyalphaa6000,0.63,4.0,3.0,2.88,4.75,CMOS,/,/,/
23,5f3ba61e3fd5b671b2200340,buy.net,nik6800,nikon,s6800,6800,nik6800,nikoncoolpixs6800,0.33,4.0,12.0,2.3,3.9,CMOS,/,/,/
24,5f3ba61e3fd5b671b2200346,buy.net,can170,canon,sx170,170,can170,canonpowershotsx170,0.50,4.0,16.0,2.8,4.3,CCD,/,/,/
25,5f3ba61e3fd5b671b220034f,buy.net,fuj1,fujifilm,xm1,1,fuj1,fujifilmxm1,0.62,,,2.6,4.6,CMOS,/,/,/
26,5f3ba61e3fd5b671b2200362,buy.net,nik1,nikon,aw1,1,nik1,nikon1aw1,,,,,,,/,/,/
27,5f3ba61e3fd5b671b220036f,buy.net,sam35,samsung,wb35f,35,sam35,samsungwb35f,0.32,2.0,12.0,2.4,4.0,CCD,/,/,/
28,5f3ba61e3fd5b671b220037c,buy.net,nik1,nikon,j1,1,nik1,nikonj1,0.52,,313.72,2.4,4.2,CMOS,/,/,/
29,5f3ba61e3fd5b671b220038c,buy.net,pan1,panasonic,dmcxs1,1,pan1,panasoniclumixdmcxs1,0.19,4.0,5.0,2.1,3.7,CCD,/,/,/
30,5f3ba61e3fd5b671b2200395,buy.net,can260,canon,sx260,260,can260,canonpowershotsx260,0.46,4.0,20.0,2.4,4.2,CMOS,/,/,/
31,5f3ba61e3fd5b671b22003a5,buy.net,nik2,nikon,j2,2,nik2,nikon1j2,0.53,,313.62,2.4,4.2,CMOS,/,/,/
32,5f3ba61e3fd5b671b2200244,buy.net,oly630,olympus,tg630,630,oly630,olympustoughtg630,0.37,4.0,5.0,2.6,3.9,CMOS,/,/,/
33,5f3ba61e3fd5b671b220024c,buy.net,oly50,olympus,sh50,50,oly50,olympussh50,0.59,4.0,24.0,2.5,4.4,CMOS,/,/,/
34,5f3ba61e3fd5b671b2200256,buy.net,nik9500,nikon,s9500,9500,nik9500,nikoncoolpixs9500,0.45,4.0,22.0,2.4,4.3,CMOS,/,/,/
35,5f3ba61e3fd5b671b2200257,buy.net,sam800,samsung,wb800f,800,sam800,samsungwb800f,0.48,5.0,21.0,2.4,4.2,BSI CMOS,/,/,/
36,5f3ba61e3fd5b671b220025a,buy.net,pan6,panasonic,dmcgf6,6,pan6,panasoniclumixdmcgf6,,,,,,,/,/,/
37,5f3ba61e3fd5b671b2200272,buy.net,son1,sony,dscrx1r,1,son1,sonycybershotdscrx1r,0.07,14.0,2.0,2.6,4.5,Exmor CMOS,/,/,/
38,5f3ba61e3fd5b671b2200277,buy.net,son7,sony,a7r,7,son7,sonya7r,0.90,4.0,,3.7,5.0,Exmor APS HD CMOS sensor,/,/,/
39,5f3ba61e3fd5b671b2200280,buy.net,dat24,datamaxo,ribbon24,24,dat24,datamaxoneilsdrlabelribbon24,0.96,5.0,26.0,3.5,4.3,CCD,/,/,/
40,5f3ba61e3fd5b671b2200293,buy.net,can2,canon,t2i,2,can2,canoneosrebelt2i,0.07,,3.1,3.8,5.1,,/,/,/
41,5f3ba61e3fd5b671b22002c6,buy.net,pan6,panasonic,dmcg6kk,6,pan6,panasoniclumixgseriesdmcg6kk,0.07,2.0,,3.3,4.4,CMOS,/,/,/
42,5f3ba61e3fd5b671b22002cb,buy.net,fuj600,fujifilm,jx600,600,fuj600,fujifilmfinepixjx600,6.06,6.7,5.0,2.2,3.7,CCD,/,/,/
43,5f3ba61e3fd5b671b22002ff,buy.net,son5,sony,nex5t,5,son5,sonyalphanex5t,,4.0,3.0,,,CMOS,/,/,/
44,5f3ba61e3fd5b671b2200304,buy.net,can60,canon,60d,60,can60,canoneos60d,0.09,,,4.2,5.7,CMOS,/,/,/
45,5f3ba61e3fd5b671b2200309,buy.net,son10,sony,dscrx10,10,son10,sonycybershotdscrx10,0.11,249.0,8.3,3.5,4.12,CMOS,/,/,/
46,5f3ba61e3fd5b671b2200319,buy.net,lei12,leica,gold12,12,lei12,leicaclightgold12,0.38,4.0,7.0,2.48,4.06,CMOS,/,/,/
47,5f3ba61e3fd5b671b220031f,buy.net,kod803,kodak,v803,803,kod803,kodakeasysharev803,0.31,4.0,3.0,2.1,4.1,CCD,/,/,/
48,5f3ba61e3fd5b671b2200326,buy.net,son5000,sony,ilce5000l,5000,son5000,sonyalphailce5000l,0.46,2.0,3.1,2.5,4.3,Exmor APS HD CMOS sensor,/,/,/
49,5f3ba61e3fd5b671b220032f,buy.net,can150,canon,powershot150,150,can150,canonpowershot150,0.28,4.0,10.0,2.2,3.8,CCD,/,/,/
50,5f3ba61e3fd5b671b2200330,buy.net,son100,sony,rx100,100,son100,sonycybershotrx100,0.47,14.0,3.6,2.3,4.0,Exmor CMOS,/,/,/
51,5f3ba61e3fd5b671b2200334,buy.net,can70,canon,70d,70,can70,canoneos70d,0.09,,7.5,4.1,5.5,CMOS,/,/,/
52,5f3ba61e3fd5b671b220033f,buy.net,lei6,leica,dlux6,6,lei6,leicadlux6,0.65,4.0,3.8,2.6,4.4,CMOS,/,/,/
53,5f3ba61e3fd5b671b2200347,buy.net,can340,canon,powershot340,340,can340,canonpowershot340,0.32,4.0,12.0,2.3,3.9,CMOS,/,/,/
54,5f3ba61e3fd5b671b220034e,buy.net,can30,canon,d30,30,can30,canonpowershotd30,0.43,4.0,5.0,2.68,4.31,CMOS,/,/,/
55,5f3ba61e3fd5b671b220036e,buy.net,can60,canon,sx60,60,can60,canonpowershotsx60,,,,,,,/,/,/
56,5f3ba61e3fd5b671b2200377,buy.net,nik300,nikon,d300,300,nik300,nikond300,,,,,,,/,/,/
57,5f3ba61e3fd5b671b2200380,buy.net,son300,sony,dschx300,300,son300,sonycybershotdschx300,0.09,200.0,50.0,3.7,5.1,Exmor R CMOS,/,/,/
58,5f3ba61e3fd5b671b2200394,buy.net,son6000,sony,a6000,6000,son6000,sonyalphaa6000,0.63,4.0,3.0,2.88,4.75,CMOS,/,/,/
59,5f3ba61e3fd5b671b22003a4,buy.net,can5-3,canon,5d,5-3,can5-3,canoneos5d,1.89,,,4.6,6.0,CMOS,/,/,/
60,5f3ba61e3fd5b671b2200241,buy.net,nik4,nikon,d4,4,nik4,nikond4,0.16,,,6.2,6.3,CMOS,/,/,/
61,5f3ba61e3fd5b671b2200251,buy.net,oly5,olympus,ep5,5,oly5,olympusep5,0.83,4.0,1.48,2.71,4.81,CMOS,/,/,/
62,5f3ba61e3fd5b671b2200258,buy.net,pan1,panasonic,dmcgm1,1,pan1,panasoniclumixdmcgm1,,,,,,,/,/,/
63,5f3ba61e3fd5b671b2200260,buy.net,can135,canon,powershot135,135,can135,canonpowershot135,0.25,4.0,8.0,2.1,3.8,CCD,/,/,/
64,5f3ba61e3fd5b671b2200263,buy.net,nik90,nikon,d90,90,nik90,nikond90,,,,,,,/,/,/
65,5f3ba61e3fd5b671b2200284,buy.net,son77,sony,slta77vm,77,son77,sonyalphaslta77vm,0.09,,7.5,4.1,5.6,Exmor APS HD CMOS sensor,/,/,/
66,5f3ba61e3fd5b671b2200295,buy.net,nik1,nikon,j1,1,nik1,nikonj1,0.52,,3.0,2.4,4.2,CMOS,/,/,/
67,5f3ba61e3fd5b671b22002a2,buy.net,oly850,olympus,tg850,850,oly850,olympustg850,0.48,4.0,5.0,2.5,4.3,CMOS,/,/,/
68,5f3ba61e3fd5b671b22002ae,buy.net,fuj8600,fujifilm,s8600,8600,fuj8600,fujifilmfinepixs8600,0.84,2.0,36.0,3.2,4.8,CCD,/,/,/
69,5f3ba61e3fd5b671b22002b0,buy.net,fuj2,fujifilm,xe2,2,fuj2,fujifilmxe2,,,,,,,/,/,/
70,5f3ba61e3fd5b671b22002bd,buy.net,can140,canon,powershot140,140,can140,canonpowershot140,0.25,4.0,8.0,2.1,3.8,CCD,/,/,/
71,5f3ba61e3fd5b671b22002de,buy.net,sam350,samsung,wb350f,350,sam350,samsungwb350f,0.48,9.4,21.0,2.6,4.5,BSI CMOS,/,/,/
72,5f3ba61e3fd5b671b22002e0,buy.net,son3000,sony,a3000,3000,son3000,sonyalphaa3000,0.78,4.0,3.0,3.63,5.13,CMOS,/,/,/
73,5f3ba61e3fd5b671b22002ec,buy.net,nik90,nikon,d90,90,nik90,nikond90,,,,,,,/,/,/
74,5f3ba61e3fd5b671b22002f5,buy.net,viv30,vivitar,x30,30,viv30,vivitarvivicamx30,,,,,,,/,/,/
75,5f3ba61e3fd5b671b22002f8,buy.net,can110,canon,s110,110,can110,canonpowershots110,0.38,4.0,5.0,2.3,3.9,CMOS,/,/,/
76,5f3ba61e3fd5b671b22002fe,buy.net,can115,canon,powershot115,115,can115,canonpowershot115,0.26,4.0,8.0,2.1,3.7,CCD,/,/,/
77,5f3ba61e3fd5b671b220030b,buy.net,nik610,nikon,d610,610,nik610,nikond610,1.68,,,4.4,5.6,CMOS,/,/,/
78,5f3ba61e3fd5b671b2200317,buy.net,ori,orion,telescopes,,ori,oriontelescopesstarshoot,0.19,,,2.0,3.2,,/,/,/
79,5f3ba61e3fd5b671b220031a,buy.net,pan1,panasonic,dmclf1k,1,pan1,panasoniclumixdmclf1k,0.38,4.0,7.1,2.4,4.0,MOS,/,/,/
80,5f3ba61e3fd5b671b220031c,buy.net,nik3,nikon,d3x,3,nik3,nikond3x,0.17,,,6.2,6.3,CMOS,/,/,/
81,5f3ba61e3fd5b671b220033d,buy.net,nik620,nikon,l620,620,nik620,nikoncoolpixl620,0.53,2.0,14.0,2.8,4.3,CMOS,/,/,/
82,5f3ba61e3fd5b671b2200348,buy.net,pen50,pentax,k50,50,pen50,pentaxk50,1.30,,,3.8,5.1,CMOS,/,/,/
83,5f3ba61e3fd5b671b2200350,buy.net,nik5300,nikon,d5300,5300,nik5300,nikond5300,0.07,,,3.9,4.9,CMOS,/,/,/
84,5f3ba61e3fd5b671b2200360,buy.net,fuj1,fujifilm,xe1,1,fuj1,fujifilmxe1,0.66,,,2.9,5.1,CMOS,/,/,/
85,5f3ba61e3fd5b671b2200364,buy.net,fuj33,fujifilm,z33wp,33,fuj33,fujifilmfinepixz33wp,0.24,5.7,3.0,2.3,3.6,CCD,/,/,/
86,5f3ba61e3fd5b671b2200373,buy.net,pan40,panasonic,dmczs40,40,pan40,panasoniclumixdmczs40,0.03,4.0,30.0,2.53,4.35,CMOS,/,/,/
87,5f3ba61e3fd5b671b220039a,buy.net,fuj680,fuji,jx680,680,fuj680,fujiblowersfinepixjx680,0.23,7.2,5.0,2.2,3.7,CCD,/,/,/
88,5f3ba61e3fd5b671b2200246,buy.net,pan1,panasonic,dmcxs1,1,pan1,panasoniclumixdmcxs1,0.19,4.0,5.0,2.1,3.7,CCD,/,/,/
89,5f3ba61e3fd5b671b220024b,buy.net,pen7,pentax,q7,7,pen7,pentaxq7,0.40,,,2.3,4.0,CMOS,/,/,/
90,5f3ba61e3fd5b671b2200254,buy.net,can5-3,canon,5d,5-3,can5-3,canoneos5d,1.89,,4.37,4.6,6.0,CMOS,/,/,/
91,5f3ba61e3fd5b671b220025c,buy.net,nik3,nikon,v3,3,nik3,nikonv3,0.71,,,2.6,4.4,CMOS,/,/,/
92,5f3ba61e3fd5b671b2200267,buy.net,pan70,panasonic,dmcfz70,70,pan70,panasoniclumixdmcfz70,0.08,5.0,60.0,3.8,5.1,MOS,/,/,/
93,5f3ba61e3fd5b671b220027e,buy.net,fuj1,fujifilm,s1,1,fuj1,fujifilmfinepixs1,1.41,2.0,50.0,3.6,5.2,CMOS,/,/,/
94,5f3ba61e3fd5b671b2200289,buy.net,can3,canon,t3i,3,can3,canoneosrebelt3i,1.14,,3.0,3.9,5.2,CMOS,/,/,/
95,5f3ba61e3fd5b671b220028e,buy.net,fuj680,fuji,jx680,680,fuj680,fujiblowersfinepixjx680,0.23,7.2,5.0,2.2,3.7,CCD,/,/,/
96,5f3ba61e3fd5b671b22002a4,buy.net,oly10,olympus,em10,10,oly10,olympusomdem10,0.88,,,3.2,4.7,CMOS,/,/,/
97,5f3ba61e3fd5b671b22002c4,buy.net,nik1,nikon,v1,1,nik1,nikonv1,0.65,,3.0,3.0,4.4,CMOS,/,/,/
98,5f3ba61e3fd5b671b22002ce,buy.net,sam350,samsung,wb350f,350,sam350,samsungwb350f,0.48,9.4,21.0,2.6,4.5,BSI CMOS,/,/,/
99,5f3ba61e3fd5b671b22002cf,buy.net,lei10770,leica,10770,10770,lei10770,leica10770,1.49,,0.68,3.14,5.47,CMOS,/,/,/
100,5f3ba61e3fd5b671b22002d2,buy.net,son10,sony,dscqx10,10,son10,sonydscqx10,0.36,,10.0,1.19,2.5,CMOS,/,/,/
101,5f3ba61e3fd5b671b22002d5,buy.net,nik610,nikon,d610,610,nik610,nikond610,0.10,,10.7,4.4,5.6,CMOS,/,/,/
102,5f3ba61e3fd5b671b22002d7,buy.net,son350,sony,dscwx350,350,son350,sonydscwx350,0.30,4.0,20.0,2.25,3.88,CMOS,/,/,/
103,5f3ba61e3fd5b671b22002f9,buy.net,son400,sony,dsch400,400,son400,sonycybershotdsch400,0.39,126.0,63.0,3.7,5.1,Super HAD CCD,/,/,/
104,5f3ba61e3fd5b671b2200306,buy.net,pen50,pentax,k50,50,pen50,pentaxk50,,,,,,,/,/,/
105,5f3ba61e3fd5b671b2200311,buy.net,pan30,panasonic,dmcfz30,30,pan30,panasoniclumixdmcfz30,,,,,,,/,/,/
106,5f3ba61e3fd5b671b2200312,buy.net,fuj40,fuji,f40fd,40,fuj40,fujiblowersfinepixf40fd,0.39,6.9,3.0,2.3,3.8,CCD,/,/,/
107,5f3ba61e3fd5b671b220031d,buy.net,sam100,samsung,ekgc100,100,sam100,samsunggalaxyekgc100,0.69,,21.0,2.79,5.07,CMOS,/,/,/
108,5f3ba61e3fd5b671b2200329,buy.net,nik16,nikon,slr16,16,nik16,nikondfslr16,1.56,,,4.3,5.6,CMOS,/,/,/
109,5f3ba61e3fd5b671b220032d,buy.net,nik810,nikon,l810,810,nik810,nikoncoolpixl810,0.95,4.0,26.0,3.0,4.4,CCD,/,/,/
110,5f3ba61e3fd5b671b220036b,buy.net,oly830,olympus,tg830,830,oly830,olympustoughtg830,0.47,4.0,5.0,2.6,4.3,CMOS,/,/,/
111,5f3ba61e3fd5b671b2200387,buy.net,nik5300,nikon,d5300,5300,nik5300,nikond5300,1.06,,,3.9,4.92,CMOS,/,/,/
112,5f3ba61e3fd5b671b2200243,buy.net,pen7,pentax,q7,7,pen7,pentaxq7,0.44,,,2.28,4.02,CMOS,/,/,/
113,5f3ba61e3fd5b671b2200259,buy.net,can7-2,canon,7d,7-2,can7-2,canoneos7d,,,,,,,/,/,/
114,5f3ba61e3fd5b671b2200261,buy.net,pen3,pentax,k3,3,pen3,pentaxk3,1.76,,,3.94,5.17,CMOS,/,/,/
115,5f3ba61e3fd5b671b2200290,buy.net,pan48,panasonic,dmcfx48,48,pan48,panasoniclumixdmcfx48,0.28,4.0,5.0,2.1,3.8,CCD,/,/,/
116,5f3ba61e3fd5b671b220029c,buy.net,can530,canon,elph530,530,can530,canonpowershotelph530,0.31,4.0,12.0,2.1,3.4,CMOS,/,/,/
117,5f3ba61e3fd5b671b22002a3,buy.net,pan1,panasonic,dmcgm1ks,1,pan1,panasoniclumixdmcgm1ks,0.46,,,2.2,3.9,CMOS,/,/,/
118,5f3ba61e3fd5b671b22002a8,buy.net,nik5200,nikon,s5200,5200,nik5200,nikoncoolpixs5200,0.33,4.0,6.0,2.3,3.9,CMOS,/,/,/
119,5f3ba61e3fd5b671b22002b2,buy.net,nik16,nikon,slr16,16,nik16,nikondfslr16,1.56,,,4.3,5.6,CMOS,/,/,/
120,5f3ba61e3fd5b671b22002b5,buy.net,oly2,olympus,epm2,2,oly2,olympuspenepm2,0.49,,,2.5,4.3,Live MOS,/,/,/
121,5f3ba61e3fd5b671b22002b6,buy.net,nik5300,nikon,d5300,5300,nik5300,nikond5300,0.07,,,3.9,4.9,CMOS,/,/,/
122,5f3ba61e3fd5b671b22002c5,buy.net,son100,sony,dscrx100,100,son100,sonydscrx100,0.47,14.0,3.6,2.38,4.0,CMOS,/,/,/
123,5f3ba61e3fd5b671b22002d0,buy.net,can3,canon,t3i,3,can3,canoneosrebelt3i,1.14,,,3.9,5.2,CMOS,/,/,/
124,5f3ba61e3fd5b671b22002d3,buy.net,can120,canon,s120,120,can120,canonpowershots120,0.43,4.0,5.0,2.32,3.94,CMOS,/,/,/
125,5f3ba61e3fd5b671b22002d6,buy.net,oly14,olympus,sz14,14,oly14,olympusstylussz14,0.03,4.0,24.0,2.7,4.19,CCD,/,/,/
126,5f3ba61e3fd5b671b22002f4,buy.net,nik5300,nikon,d5300,5300,nik5300,nikond5300,1.06,,,3.9,4.92,CMOS,/,/,/
127,5f3ba61e3fd5b671b2200307,buy.net,sam2200,samsung,wb2200f,2200,sam2200,samsungwb2200f,0.09,2.0,60.0,4.8,4.7,CMOS,/,/,/
128,5f3ba61e3fd5b671b2200308,buy.net,sam300,samsung,nx300,300,sam300,samsungnx300,0.62,2.0,2.5,2.5,4.8,CMOS,/,/,/
129,5f3ba61e3fd5b671b2200318,buy.net,kod251,kodak,az251,251,kod251,kodakpixproaz251,,,,,,,/,/,/
130,5f3ba61e3fd5b671b220031b,buy.net,fuj9200,fujifilm,s9200,9200,fuj9200,fujifilmfinepixs9200,0.08,2.0,50.0,3.4,4.8,CMOS,/,/,/
131,5f3ba61e3fd5b671b2200323,buy.net,fuj750,fujifilm,f750exr,750,fuj750,fujifilmfinepixf750exr,0.46,2.0,20.0,2.5,4.1,EXR-CMOS,/,/,/
132,5f3ba61e3fd5b671b220032a,buy.net,son330,sony,dslra330,330,son330,sonyalphadslra330,0.07,,3.1,3.8,5.0,CCD,/,/,/
133,5f3ba61e3fd5b671b220032e,buy.net,hp600,hp,espresso600,600,hp600,hphewlettpackardhpframeespresso600,,,,,,,/,/,/
134,5f3ba61e3fd5b671b220034a,buy.net,nik6500,nikon,s6500,6500,nik6500,nikoncoolpixs6500,0.34,4.0,12.0,2.3,3.8,CMOS,/,/,/
135,5f3ba61e3fd5b671b2200352,buy.net,pan7,panasonic,dmclx7,7,pan7,panasoniclumixdmclx7,0.59,4.0,3.8,2.6,4.4,MOS,/,/,/
136,5f3ba61e3fd5b671b220035b,buy.net,oly3,olympus,epl3,3,oly3,olympusepl3,0.58,,3.0,2.5,4.3,Live MOS,/,/,/
137,5f3ba61e3fd5b671b220036a,buy.net,oly2,olympus,e2omsz12s,2,oly2,olympuse2omsz12s,,,24.0,,,CCD,/,/,/
138,5f3ba61e3fd5b671b220037a,buy.net,oly820,olympus,sp820uz,820,oly820,olympussp820uz,0.07,4.0,40.0,3.1,4.6,CMOS,/,/,/
139,5f3ba61e3fd5b671b220037b,buy.net,pen500,pentax,k500,500,pen500,pentaxk500,1.30,,3.1,3.8,5.1,CMOS,/,/,/
140,5f3ba61e3fd5b671b2200390,buy.net,pan1,panasonic,dmclf1,1,pan1,panasoniclumixdmclf1,0.38,4.0,7.1,2.4,4.0,MOS,/,/,/
141,5f3ba61e3fd5b671b2200393,buy.net,pan10,panasonic,dmcfh10,10,pan10,panasoniclumixdmcfh10,0.19,4.0,5.0,2.1,3.7,CCD,/,/,/
142,5f3ba61e3fd5b671b22003a2,buy.net,son730,sony,dscw730,730,son730,sonycybershotdscw730,0.23,32.0,8.0,2.1,2.0,Super HAD CCD,/,/,/
143,5f3ba61e3fd5b671b22003a3,buy.net,can1-2,canon,g1,1-2,can1-2,canonpowershotg1,1.14,4.0,5.0,2.91,4.58,CMOS,/,/,/
144,5f3ba61e3fd5b671b2200266,buy.net,ric1,ricoh,mx1,1,ric1,ricohmx1,0.80,2.0,4.0,2.4,4.8,CMOS,/,/,/
145,5f3ba61e3fd5b671b220026d,buy.net,fuj1,fujifilm,xt1,1,fuj1,fujifilmxt1,0.86,,,3.5,5.0,CMOS,/,/,/
146,5f3ba61e3fd5b671b220026e,buy.net,nik7100,nikon,d7100,7100,nik7100,nikond7100,,,,,,,/,/,/
147,5f3ba61e3fd5b671b2200274,buy.net,nik5300,nikon,d5300,5300,nik5300,nikond5300,1.06,,,3.9,4.92,CMOS,/,/,/
148,5f3ba61e3fd5b671b2200286,buy.net,nik16,nikon,lens16,16,nik16,nikondfslrspecialeditionkitwlens16,0.10,,,4.3,5.6,CMOS,/,/,/
149,5f3ba61e3fd5b671b2200288,buy.net,sam200,samsung,ekgc200,200,sam200,samsunggalaxyekgc200,0.62,,21.0,2.8,5.2,BSI CMOS,/,/,/
150,5f3ba61e3fd5b671b2200292,buy.net,oly2,olympus,epm2,2,oly2,olympuspenepm2,,,,,,,/,/,/
151,5f3ba61e3fd5b671b2200298,buy.net,fuj900,fuji,f900exr,900,fuj900,fujiblowersfinepixf900exr,0.47,3.4,20.0,2.4,4.1,EXR CMOS II,/,/,/
152,5f3ba61e3fd5b671b22002a1,buy.net,nik610,nikon,d610,610,nik610,nikond610,0.10,,,4.4,5.6,CMOS,/,/,/
153,5f3ba61e3fd5b671b22002ac,buy.net,son300,sony,dsch300,300,son300,sonycybershotdsch300,30.94,2.0,35.0,95.0,129.6,CCD,/,/,/
154,5f3ba61e3fd5b671b22002b8,buy.net,can500,canon,sx500,500,can500,canonpowershotsx500,0.70,4.0,30.0,2.7,4.1,CCD,/,/,/
155,5f3ba61e3fd5b671b22002be,buy.net,can1,canon,g1,1,can1,canonpowershotg1,0.07,4.0,4.0,3.2,4.6,CMOS,/,/,/
156,5f3ba61e3fd5b671b22002c3,buy.net,nik7100,nikon,d7100,7100,nik7100,nikond7100,1.49,,,4.2,5.3,CMOS,/,/,/
157,5f3ba61e3fd5b671b22002ca,buy.net,sam72,samsung,st72,72,sam72,samsungst72,0.24,5.0,5.0,2.3,3.7,CCD,/,/,/
158,5f3ba61e3fd5b671b22002cc,buy.net,nik800,nikon,s800c,800,nik800,nikoncoolpixs800c,0.41,4.0,10.0,2.4,4.4,CMOS,/,/,/
159,5f3ba61e3fd5b671b22002e2,buy.net,nik530,nikon,p530,530,nik530,nikoncoolpixp530,1.09,4.0,42.0,3.4,4.9,CMOS,/,/,/
160,5f3ba61e3fd5b671b22002e4,buy.net,vte80077341,vtech,kidizoom80077341,80077341,vte80077341,vtechkidizoom80077341,,,,,,,/,/,/
161,5f3ba61e3fd5b671b22002e6,buy.net,can135,canon,powershot135,135,can135,canonpowershot135,0.25,4.0,8.0,2.1,3.8,CCD,/,/,/
162,5f3ba61e3fd5b671b22002f0,buy.net,can600,canon,sx600,600,can600,canonpowershotsx600,0.36,4.0,18.0,2.4,4.1,CMOS,/,/,/
163,5f3ba61e3fd5b671b2200320,buy.net,can2600,canon,a2600,2600,can2600,canonpowershota2600,0.26,4.0,5.0,2.2,3.9,CCD,/,/,/
164,5f3ba61e3fd5b671b220032b,buy.net,pen3,pentax,k3,3,pen3,pentaxk3,0.11,,7.5,3.9,5.2,CMOS,/,/,/
165,5f3ba61e3fd5b671b2200341,buy.net,son7,sony,a7,7,son7,sonyalpha7a7,0.92,4.0,,3.7,5.0,Exmor APS HD CMOS sensor,/,/,/
166,5f3ba61e3fd5b671b2200342,buy.net,son830,sony,dscw830,830,son830,sonycybershotdscw830,0.23,4.0,8.0,2.1,3.7,Super HAD CCD,/,/,/
167,5f3ba61e3fd5b671b2200369,buy.net,pol340,polaroid,z340,340,pol340,polaroidz340,0.09,,5.0,2.6,5.0,,/,/,/
168,5f3ba61e3fd5b671b220036c,buy.net,can200,canon,sx200,200,can200,canonpowershotsx200,0.48,4.0,12.0,2.4,4.1,CCD,/,/,/
169,5f3ba61e3fd5b671b2200370,buy.net,fuj2,fujifilm,xe2,2,fuj2,fujifilmxe2,0.66,,,5.1,2.9,CMOS,/,/,/
170,5f3ba61e3fd5b671b220037d,buy.net,can1,canon,t1i,1,can1,canoneosrebelt1i,0.07,,3.1,3.8,5.1,CMOS,/,/,/
171,5f3ba61e3fd5b671b220037e,buy.net,sam16,samsung,galaxy16,16,sam16,samsunggalaxy16,0.67,,21.0,2.79,5.07,CMOS,/,/,/
172,5f3ba61e3fd5b671b2200386,buy.net,nik9700,nikon,s9700,9700,nik9700,nikoncoolplixs9700,0.27,4.0,30.0,2.5,4.3,CMOS,/,/,/
173,5f3ba61e3fd5b671b2200392,buy.net,nik5300,nikon,d5300,5300,nik5300,nikond5300,1.06,,,3.9,4.92,CMOS,/,/,/
174,5f3ba61e3fd5b671b2200247,buy.net,fuj4800,fujifilm,s4800,4800,fuj4800,fujifilmfinepixs4800,26.62,7.2,30.0,93.0,122.0,CCD,/,/,/
175,5f3ba61e3fd5b671b2200249,buy.net,col5,coleman,c5wp,5,col5,colemanxtremec5wp,,,,,,,/,/,/
176,5f3ba61e3fd5b671b220025d,buy.net,pan5,panasonic,dmcts5,5,pan5,panasoniclumixdmcts5,0.03,4.0,4.6,2.65,4.3,CMOS,/,/,/
177,5f3ba61e3fd5b671b2200268,buy.net,sam30,samsung,nx30,30,sam30,samsungsmartnx30,0.13,2.0,3.1,3.8,5.0,CMOS,/,/,/
178,5f3ba61e3fd5b671b220026a,buy.net,gen2600,general,x2600,2600,gen2600,generalelectricpowerproseriesx2600,0.07,5.0,26.0,3.1,4.6,CCD,/,/,/
179,5f3ba61e3fd5b671b220026c,buy.net,can16,canon,g16,16,can16,canonpowershotg16,0.79,4.0,5.0,2.99,4.28,CMOS,/,/,/
180,5f3ba61e3fd5b671b220026f,buy.net,pan165,panasonic,wvst165,165,pan165,panasoniciprosmarthdwvst165,0.76,8.0,,3.9,3.9,MOS,/,/,/
181,5f3ba61e3fd5b671b2200278,buy.net,fuj1,fujifilm,xt1,1,fuj1,fujifilmxt1,0.86,,,3.5,5.0,CMOS,/,/,/
182,5f3ba61e3fd5b671b2200282,buy.net,nik3600,nikon,s3600,3600,nik3600,nikoncoolpixs3600,0.28,4.0,8.0,2.3,3.9,CCD,/,/,/
183,5f3ba61e3fd5b671b220029f,buy.net,fuj2,fujifilm,xe2,2,fuj2,fujifilmxe2,0.66,,,2.9,5.1,CMOS,/,/,/
184,5f3ba61e3fd5b671b22002aa,buy.net,can160,canon,sx160,160,can160,canonpowershotsx160,0.54,4.0,16.0,2.9,4.4,CCD,/,/,/
185,5f3ba61e3fd5b671b22002b3,buy.net,nik520,nikon,p520,520,nik520,nikoncoolpixp520,0.08,2.0,42.0,3.3,4.9,CMOS,/,/,/
186,5f3ba61e3fd5b671b22002bf,buy.net,pan25,panasonic,dmcts25,25,pan25,panasoniclumixdmcts25,0.28,4.0,4.0,2.3,4.1,CCD,/,/,/
187,5f3ba61e3fd5b671b22002c1,buy.net,gen450,general,x450,450,gen450,generalelectricx450,,4.0,25.0,2.8,3.1,,/,/,/
188,5f3ba61e3fd5b671b22002c8,buy.net,can3,canon,t3i,3,can3,canoneosrebelt3i,0.07,,,3.9,5.2,CMOS,/,/,/
189,5f3ba61e3fd5b671b22002cd,buy.net,nik3100,nikon,d3100,3100,nik3100,nikond3100,1.00,,3.1,3.8,4.9,CMOS,/,/,/
190,5f3ba61e3fd5b671b22002d1,buy.net,fuj2,fujifilm,xe2,2,fuj2,fujifilmxe2,0.66,,,2.9,5.1,CMOS,/,/,/
191,5f3ba61e3fd5b671b22002d4,buy.net,can1,canon,eos1d,1,can1,canoneos1d,0.21,,,6.4,6.2,CMOS,/,/,/
192,5f3ba61e3fd5b671b22002d9,buy.net,pol2300,polaroid,z2300,2300,pol2300,polaroidz2300,0.58,2.4,1.0,3.06,4.75,CMOS,/,/,/
193,5f3ba61e3fd5b671b22002df,buy.net,viv325,vivitar,s325,325,viv325,vivitarvivicams325,,4.0,3.0,,,,/,/,/
194,5f3ba61e3fd5b671b22002e7,buy.net,oly370,olympus,vr370,370,oly370,olympusvr370,0.38,4.0,12.5,2.4,4.1,CCD,/,/,/
195,5f3ba61e3fd5b671b22002ed,buy.net,pan25,panasonic,dmczs25,25,pan25,panasoniclumixdmczs25,0.38,4.0,20.0,2.3,4.1,MOS,/,/,/
196,5f3ba61e3fd5b671b22002ef,buy.net,vid50,video,mac50,50,vid50,videosystemsmac50,0.34,,4.0,2.5,2.5,,/,/,/
197,5f3ba61e3fd5b671b22002f3,buy.net,fuj1,fujifilm,xe1,1,fuj1,fujifilmxe1,0.66,,3.1,2.9,5.1,X-Trans CMOS,/,/,/
198,5f3ba61e3fd5b671b22002f6,buy.net,can700,canon,sx700,700,can700,canonpowershotsx700,0.54,4.0,30.0,2.59,4.44,CMOS,/,/,/
199,5f3ba61e3fd5b671b2200314,buy.net,can120,canon,s120,120,can120,canonpowershots120,0.43,4.0,5.0,2.32,3.94,CMOS,/,/,/
200,5f3ba61e3fd5b671b2200321,buy.net,can60,canon,60d,60,can60,canoneos60d,0.09,,3.1,4.2,5.7,CMOS,/,/,/
201,5f3ba61e3fd5b671b2200328,buy.net,sam350,samsung,wb350f,350,sam350,samsungwb350f,0.48,9.4,21.0,2.6,4.5,BSI CMOS,/,/,/
202,5f3ba61e3fd5b671b2200335,buy.net,son100,sony,dscrx100,100,son100,sonycybershotdscrx100,0.47,14.0,3.6,2.38,4.0,CMOS,/,/,/
203,5f3ba61e3fd5b671b2200339,buy.net,son6000,sony,a6000,6000,son6000,sonyalphaa6000,0.63,4.0,,2.88,4.75,CMOS,/,/,/
204,5f3ba61e3fd5b671b220033e,buy.net,nik830,nikon,l830,830,nik830,nikoncoolpixl830,1.12,4.0,34.0,3.0,4.4,CMOS,/,/,/
205,5f3ba61e3fd5b671b2200343,buy.net,can780,canon,sd780,780,can780,canonpowershotsd780,0.25,4.0,3.0,2.2,3.4,CCD,/,/,/
206,5f3ba61e3fd5b671b220034c,buy.net,nik620,nikon,l620,620,nik620,nikoncoolpixl620,0.53,2.0,14.0,2.8,4.3,CMOS,/,/,/
207,5f3ba61e3fd5b671b2200354,buy.net,dis,disney,pix,,dis,disneydisneypix,,,,,,,/,/,/
208,5f3ba61e3fd5b671b220035c,buy.net,pan35,panasonic,zs35,35,pan35,panasoniclumixzs35,0.49,4.0,20.0,2.5,4.2,MOS,/,/,/
209,5f3ba61e3fd5b671b2200363,buy.net,nik31,nikon,s31,31,nik31,nikoncoolpixs31,0.41,4.0,3.0,2.6,4.1,CCD,/,/,/
210,5f3ba61e3fd5b671b2200366,buy.net,oly1,olympus,epm1,1,oly1,olympuspenepm1,0.48,,3.0,2.5,4.3,Live MOS,/,/,/
211,5f3ba61e3fd5b671b220039b,buy.net,can5,canon,t5,5,can5,canoneosrebelt5,0.96,,,3.93,5.1,CMOS,/,/,/
212,5f3ba61e3fd5b671b220039c,buy.net,fuj200,fujifilm,xp200,200,fuj200,fujifilmfinepixxp200,,,,,,,/,/,/
213,5f3ba61e3fd5b671b220039e,buy.net,nik3,nikon,j3,3,nik3,nikon1j3,0.44,,3.0,2.4,4.0,CMOS,/,/,/
214,5f3ba61e3fd5b671b220039f,buy.net,pan40,panasonic,dmclz40,40,pan40,panasoniclumixdmclz40,0.07,4.0,42.0,3.41,4.98,CCD,/,/,/
215,5f3ba61e3fd5b671b2200245,buy.net,sam72,samsung,st72,72,sam72,samsungst72,0.24,1.0,5.0,2.28,3.72,CCD,/,/,/
216,5f3ba61e3fd5b671b2200262,buy.net,viv124,vivitar,f124,124,viv124,vivitaritwistf124,,4.0,,7.3,9.3,CMOS,/,/,/
217,5f3ba61e3fd5b671b220026b,buy.net,oly5,olympus,ep5,5,oly5,olympuspenep5,0.83,,,2.71,4.81,CMOS,/,/,/
218,5f3ba61e3fd5b671b2200276,buy.net,oly5,olympus,ep5,5,oly5,olympuspenep5,0.83,,,2.71,4.81,CMOS,/,/,/
219,5f3ba61e3fd5b671b2200283,buy.net,oly2,olympus,ep2,2,oly2,olympuspenep2,0.69,,,2.8,4.7,,/,/,/
220,5f3ba61e3fd5b671b2200287,buy.net,fuj1500,fujifilm,s1500,1500,fuj1500,fujifilmfinepixs1500,0.71,5.7,12.0,2.9,4.1,CCD,/,/,/
221,5f3ba61e3fd5b671b2200299,buy.net,nik32,nikon,s32,32,nik32,nikoncoolpixs32,0.39,4.0,3.0,2.7,4.3,CMOS,/,/,/
222,5f3ba61e3fd5b671b22002a0,buy.net,pan5,panasonic,dmcg5kk,5,pan5,panasoniclumixdmcg5kk,0.76,4.0,3.0,3.3,4.7,Live MOS,/,/,/
223,5f3ba61e3fd5b671b22002ad,buy.net,can70,canon,70d,70,can70,canoneos70d,0.09,,,4.1,5.5,CMOS,/,/,/
224,5f3ba61e3fd5b671b22002af,buy.net,nik830,nikon,l830,830,nik830,nikoncoolpixl830,0.07,4.0,34.0,3.0,4.4,CMOS,/,/,/
225,5f3ba61e3fd5b671b22002b1,buy.net,nik3,nikon,j3,3,nik3,nikon1j3,0.44,,3.0,2.4,4.0,CMOS,/,/,/
226,5f3ba61e3fd5b671b22002b9,buy.net,fuj400,fujifilm,t400,400,fuj400,fujifilmfinepixt400,0.31,7.2,10.0,2.3,4.1,CCD,/,/,/
227,5f3ba61e3fd5b671b22002c0,buy.net,can510,canon,sx510,510,can510,canonpowershotsx510,0.70,4.0,30.0,2.7,4.1,CMOS,/,/,/
228,5f3ba61e3fd5b671b22002c2,buy.net,fuj2,fujifilm,xe2,2,fuj2,fujifilmxseriesxe2,0.66,,,2.9,5.1,CMOS,/,/,/
229,5f3ba61e3fd5b671b22002db,buy.net,nik3300,nikon,d3300,3300,nik3300,nikond3300,0.91,,,3.9,4.9,CMOS,/,/,/
230,5f3ba61e3fd5b671b22002dc,buy.net,sak,sakar,hello,,sak,sakarhellokitty,,,,,,,/,/,/
231,5f3ba61e3fd5b671b22002fb,buy.net,nik01,nikon,s01,01,nik01,nikoncoolpixs01,0.21,4.0,3.0,2.0,3.0,CCD,/,/,/
232,5f3ba61e3fd5b671b2200303,buy.net,col2,coleman,2v7wpp,2,col2,coleman2v7wpp,0.40,8.0,,2.5,3.8,CMOS,/,/,/
233,5f3ba61e3fd5b671b2200310,buy.net,nik7100,nikon,d7100,7100,nik7100,nikond7100,0.09,,7.8,4.2,5.3,CMOS,/,/,/
234,5f3ba61e3fd5b671b2200315,buy.net,son5000,sony,ilce5000l,5000,son5000,sonyalphailce5000l,0.46,2.0,3.1,2.5,4.3,Exmor APS HD CMOS sensor,/,/,/
235,5f3ba61e3fd5b671b220031e,buy.net,nik16,nikon,slr16,16,nik16,nikondfslr16,1.56,,,4.3,5.6,CMOS,/,/,/
236,5f3ba61e3fd5b671b2200324,buy.net,fuj900,fuji,f900exr,900,fuj900,fujiblowersfinepixf900exr,0.47,2.0,20.0,2.4,4.1,EXR CMOS II,/,/,/
237,5f3ba61e3fd5b671b2200338,buy.net,nik600,nikon,p600,600,nik600,nikoncoolplixp600,1.24,4.0,60.0,3.4,5.0,CMOS,/,/,/
238,5f3ba61e3fd5b671b220033c,buy.net,son830,sony,dscw830,830,son830,sonycybershotdscw830,0.23,4.0,8.0,2.1,3.7,Super HAD CCD,/,/,/
239,5f3ba61e3fd5b671b2200345,buy.net,fuj1,fujifilm,xm1,1,fuj1,fujifilmxm1,0.62,,,2.6,4.6,CMOS,/,/,/
240,5f3ba61e3fd5b671b220034d,buy.net,iri1,iris,scb1,1,iri1,irisusascb1,,,,,,,/,/,/
241,5f3ba61e3fd5b671b2200355,buy.net,pan7,panasonic,dmcgx7,7,pan7,panasoniclumixdmcgx7,0.07,4.0,,,,CMOS,/,/,/
242,5f3ba61e3fd5b671b220035d,buy.net,nik3300,nikon,d3300,3300,nik3300,nikond3300,0.94,,,3.9,4.9,CMOS,/,/,/
243,5f3ba61e3fd5b671b220036d,buy.net,nik32,nikon,s32,32,nik32,nikoncoolpixs32,0.39,4.0,3.0,2.7,4.3,CMOS,/,/,/
244,5f3ba61e3fd5b671b2200374,buy.net,can70,canon,70d,70,can70,canoneos70d,0.09,,3.1,4.1,5.5,CMOS,/,/,/
245,5f3ba61e3fd5b671b2200376,buy.net,pan162,panasonic,wvst162,162,pan162,panasoniciprosmarthdwvst162,0.76,8.0,,3.9,3.9,MOS,/,/,/
246,5f3ba61e3fd5b671b2200379,buy.net,nik28,nikon,l28,28,nik28,nikoncoolpixl28,0.36,4.0,5.0,2.4,3.8,CCD,/,/,/
247,5f3ba61e3fd5b671b220037f,buy.net,oly2,olympus,xz2,2,oly2,olympusstylusxz2,0.76,4.0,4.0,2.6,4.4,CMOS,/,/,/
248,5f3ba61e3fd5b671b220038b,buy.net,sam350,samsung,wb350f,350,sam350,samsungwb350f,0.48,9.4,21.0,2.6,4.5,BSI CMOS,/,/,/
249,5f3ba61e3fd5b671b2200399,buy.net,can310,canon,ixus310,310,can310,canonixus310,0.41,4.0,4.4,2.2,4.0,BSI CMOS,/,/,/
250,5f3ba61e3fd5b671b22003a1,buy.net,can150,canon,powershot150,150,can150,canonpowershot150,0.28,4.0,10.0,2.2,3.8,CCD,/,/,/
251,5f3ba61e3fd5b671b2200240,buy.net,oly1,olympus,sh1,1,oly1,olympusstylussh1,0.59,4.0,24.0,2.5,4.3,CMOS,/,/,/
252,5f3ba61e3fd5b671b2200248,buy.net,nik510,nikon,p510,510,nik510,nikoncoolpixp510,0.08,2.0,42.0,3.3,4.7,CMOS,/,/,/
253,5f3ba61e3fd5b671b220024e,buy.net,sam110,samsung,ekgc110,110,sam110,samsunggalaxyekgc110,0.66,,21.0,2.8,5.1,BSI CMOS,/,/,/
254,5f3ba61e3fd5b671b220024f,buy.net,can340,canon,elph340,340,can340,canonpowershotelph340,0.29,4.0,12.0,2.27,3.93,CMOS,/,/,/
255,5f3ba61e3fd5b671b2200250,buy.net,all355,allen,evc355bk,355,all355,allenevc355bk,,4.0,,,,,/,/,/
256,5f3ba61e3fd5b671b220025f,buy.net,fuj1,fujifilm,xm1,1,fuj1,fujifilmxm1,0.62,,,2.6,4.6,CMOS,/,/,/
257,5f3ba61e3fd5b671b2200270,buy.net,wil05,wildgame,l05,05,wil05,wildgameinnovationselite5lightsoutl05,,,,,,,/,/,/
258,5f3ba61e3fd5b671b220028a,buy.net,oly5020,olympus,fe5020,5020,oly5020,olympusfe5020,0.24,4.0,5.0,2.2,3.6,,/,/,/
259,5f3ba61e3fd5b671b2200291,buy.net,oly100,olympus,sp100,100,oly100,olympusstylussp100,1.32,4.0,50.0,3.6,4.8,CMOS,/,/,/
260,5f3ba61e3fd5b671b2200294,buy.net,fuj6800,fuji,s6800,6800,fuj6800,fujiblowersfinepixs6800,,,,,,,/,/,/
261,5f3ba61e3fd5b671b22002ba,buy.net,sam30,samsung,wb30f,30,sam30,samsungwb30f,0.29,5.0,10.0,2.3,3.9,CCD,/,/,/
262,5f3ba61e3fd5b671b22002e3,buy.net,fuj35,fuji,hs35exr,35,fuj35,fujiblowersfinepixhs35exr,0.09,2.0,30.0,3.8,5.1,EXR CMOS,/,/,/
263,5f3ba61e3fd5b671b22002e9,buy.net,pan1,panasonic,dmcgm1kd,1,pan1,panasoniclumixdmcgm1kd,0.02,4.0,,2.19,3.88,CMOS,/,/,/
264,5f3ba61e3fd5b671b22002f7,buy.net,oly7000,olympus,stylus7000,7000,oly7000,olympusstylus7000,0.29,5.0,7.0,2.2,3.8,,/,/,/
265,5f3ba61e3fd5b671b2200325,buy.net,fuj60,fujifilm,xp60,60,fuj60,fujifilmfinepixxp60,0.36,2.0,5.0,2.6,4.1,CMOS,/,/,/
266,5f3ba61e3fd5b671b220032c,buy.net,nik7100,nikon,d7100,7100,nik7100,nikondxformatd7100,1.49,1.0,5.5,4.2,5.3,CMOS,/,/,/
267,5f3ba61e3fd5b671b220033a,buy.net,can140,canon,powershot140,140,can140,canonpowershot140,0.25,4.0,8.0,2.1,3.8,CCD,/,/,/
268,5f3ba61e3fd5b671b2200353,buy.net,fuj9200,fujitsu,s9200,9200,fuj9200,fujitsus9200,1.27,2.0,50.0,3.4,4.8,CMOS,/,/,/
269,5f3ba61e3fd5b671b2200357,buy.net,fuj700,fujifilm,jx700,700,fuj700,fujifilmfinepixjx700,0.22,7.2,5.0,2.3,3.8,CCD,/,/,/
270,5f3ba61e3fd5b671b2200359,buy.net,can150,canon,powershot150,150,can150,canonpowershot150,0.28,4.0,10.0,2.2,3.8,CCD,/,/,/
271,5f3ba61e3fd5b671b220035e,buy.net,nik7100,nikon,d7100,7100,nik7100,nikond7100,0.09,,,4.2,5.3,CMOS,/,/,/
272,5f3ba61e3fd5b671b2200361,buy.net,fuj4800,fuji,s4800,4800,fuj4800,fujiblowersfinepixs4800,0.94,7.2,30.0,3.7,4.8,CCD,/,/,/
273,5f3ba61e3fd5b671b220038a,buy.net,sak326,sakar,is326blk,326,sak326,sakaris326blk,0.80,,21.0,5.4,6.7,CMOS,/,/,/
274,5f3ba61e3fd5b671b2200396,buy.net,oly830,olympus,tg830,830,oly830,olympustoughtg830,0.47,4.0,5.0,2.6,4.3,CMOS,/,/,/
275,5f3ba61e3fd5b671b2200398,buy.net,can2500,canon,a2500,2500,can2500,canonpowershota2500,0.24,4.0,5.0,2.2,3.8,CCD,/,/,/
276,5f3ba61e3fd5b671b220024d,buy.net,sam35,samsung,wb35f,35,sam35,samsungwb35f,0.32,2.0,12.0,2.4,4.0,CCD,/,/,/
277,5f3ba61e3fd5b671b2200265,buy.net,nik820,nikon,l820,820,nik820,nikoncoolpixl820,0.07,4.0,30.0,3.0,4.3,CMOS,/,/,/
278,5f3ba61e3fd5b671b2200271,buy.net,fuj100,fujifilm,x100s,100,fuj100,fujifilmx100s,0.98,,,2.9,5.0,CMOS,/,/,/
279,5f3ba61e3fd5b671b220027c,buy.net,fuj1,fujifilm,xa1,1,fuj1,fujifilmxa1,,,,,,,/,/,/
280,5f3ba61e3fd5b671b220027d,buy.net,son350,sony,dscwx350,350,son350,sonydscwx350,0.30,,20.0,2.25,3.88,CMOS,/,/,/
281,5f3ba61e3fd5b671b220028b,buy.net,son65,sony,slta65vl,65,son65,sonyslta65vl,0.07,,,3.88,5.25,CMOS,/,/,/
282,5f3ba61e3fd5b671b220028f,buy.net,son350,sony,dscwx350w,350,son350,sonydscwx350w,0.30,,20.0,2.25,3.88,CMOS,/,/,/
283,5f3ba61e3fd5b671b22002d8,buy.net,can150,canon,powershot150,150,can150,canonpowershot150,0.28,4.0,10.0,2.2,3.8,CCD,/,/,/
284,5f3ba61e3fd5b671b22002da,buy.net,pen30,pentax,k30,30,pen30,pentaxk30,1.30,,,3.8,5.1,CMOS,/,/,/
285,5f3ba61e3fd5b671b22002dd,buy.net,nik3200,nikon,d3200,3200,nik3200,nikond3200,1.00,,,3.8,5.0,CMOS,/,/,/
286,5f3ba61e3fd5b671b22002fc,buy.net,viv137,vivitar,x137,137,viv137,vivitarvivicamx137,,4.0,,,,,/,/,/
287,5f3ba61e3fd5b671b22002fd,buy.net,can4,canon,t4i,4,can4,canoneosrebelt4i,0.07,,3.1,3.9,5.2,CMOS,/,/,/
288,5f3ba61e3fd5b671b2200300,buy.net,pan4,panasonic,dmcgh4,4,pan4,panasoniclumixdmcgh4,1.06,4.0,,3.68,5.23,CMOS,/,/,/
289,5f3ba61e3fd5b671b2200302,buy.net,oly10,olympus,em10,10,oly10,olympusomdem10,0.88,,,3.2,4.7,CMOS,/,/,/
290,5f3ba61e3fd5b671b220030c,buy.net,nik5300,nikon,d5300,5300,nik5300,nikond5300,1.06,,7.8,3.9,4.92,CMOS,/,/,/
291,5f3ba61e3fd5b671b2200336,buy.net,fuj8500,fujifilm,s8500,8500,fuj8500,fujifilmfinepixs8500,1.27,2.0,46.0,3.4,4.8,CMOS,/,/,/
292,5f3ba61e3fd5b671b2200344,buy.net,vte,vtech,kidizoom,,vte,vtechkidizoomcompact,,2.0,,,,,/,/,/
293,5f3ba61e3fd5b671b2200356,buy.net,fuj1,fujifilm,xq1,1,fuj1,fujifilmxq1,0.41,4.0,4.0,2.3,3.9,CMOS,/,/,/
294,5f3ba61e3fd5b671b220035a,buy.net,kod128,kodak,zoom128,128,kod128,kodakzxdzoom128,0.20,2.0,,4.2,2.0,CMOS,/,/,/
295,5f3ba61e3fd5b671b2200371,buy.net,son30,sony,dsctx30,30,son30,sonycybershotdsctx30,0.28,2.0,5.0,2.3,3.8,Exmor R CMOS,/,/,/
296,5f3ba61e3fd5b671b2200375,buy.net,nik5200,nikon,d5200,5200,nik5200,nikond5200,0.07,,3.1,3.9,5.1,CMOS,/,/,/
297,5f3ba61e3fd5b671b2200378,buy.net,oly10,olympus,em10,10,oly10,olympusomdem10,0.87,,3.0,3.2,4.7,Live MOS,/,/,/
298,5f3ba61e3fd5b671b2200382,buy.net,son5000,sony,a5000,5000,son5000,sonyalphaa5000,0.46,,,2.5,4.38,CMOS,/,/,/
299,5f3ba61e3fd5b671b2200383,buy.net,fuj50,fuji,hs50exr,50,fuj50,fujiblowersfinepixhs50exr,0.10,20.0,42.0,4.0,5.3,EXR CMOS II,/,/,/
300,5f3ba61e3fd5b671b2200385,buy.net,can135,canon,powershot135,135,can135,canonpowershot135,0.25,4.0,8.0,2.1,3.8,CCD,/,/,/
301,5f3ba61e3fd5b671b2200252,buy.net,fuj1,fujifilm,xa1,1,fuj1,fujifilmxa1,0.62,,,2.6,4.6,CMOS,/,/,/
302,5f3ba61e3fd5b671b2200253,buy.net,son400,sony,dsch400,400,son400,sonycybershotdsch400,0.39,126.0,63.0,3.7,5.1,Super HAD CCD,/,/,/
303,5f3ba61e3fd5b671b2200255,buy.net,oly620,olympus,sp620uz,620,oly620,olympussp620uz,0.96,4.0,21.0,2.9,4.3,CCD,/,/,/
304,5f3ba61e3fd5b671b2200269,buy.net,oly2,olympus,tg2,2,oly2,olympustoughtg2,0.51,4.0,4.0,2.6,4.4,CMOS,/,/,/
305,5f3ba61e3fd5b671b220027b,buy.net,pen3,pentax,k3,3,pen3,pentaxk3,1.76,,,3.94,5.19,CMOS,/,/,/
306,5f3ba61e3fd5b671b220027f,buy.net,can700,canon,sx700,700,can700,canonpowershotsx700,0.54,4.0,30.0,2.59,4.44,CMOS,/,/,/
307,5f3ba61e3fd5b671b2200285,buy.net,pan4,panasonic,dmcgh4,4,pan4,panasoniclumixdmcgh4,1.06,4.0,,3.68,5.23,CMOS,/,/,/
308,5f3ba61e3fd5b671b220028c,buy.net,nik520,nikon,p520,520,nik520,nikoncoolpixp520,0.08,2.0,42.0,3.3,4.9,CMOS,/,/,/
309,5f3ba61e3fd5b671b2200296,buy.net,can7,canon,7d,7,can7,canoneos7d,0.11,,4.8,4.4,5.8,CMOS,/,/,/
310,5f3ba61e3fd5b671b220029a,buy.net,nik7000,nikon,d7000,7000,nik7000,nikond7000,0.10,,5.8,4.1,5.2,CMOS,/,/,/
311,5f3ba61e3fd5b671b220029b,buy.net,lei4,leica,vlux4,4,lei4,leicavlux4,0.08,4.0,24.0,3.4,4.9,CMOS,/,/,/
312,5f3ba61e3fd5b671b22002a5,buy.net,pen50,pentax,k50,50,pen50,pentaxk50,1.30,,,3.8,5.1,CMOS,/,/,/
313,5f3ba61e3fd5b671b22002b4,buy.net,sam350,samsung,wb350f,350,sam350,samsungwb350f,0.48,9.4,21.0,2.6,4.5,BSI CMOS,/,/,/
314,5f3ba61e3fd5b671b22002b7,buy.net,fuj1,fujifilm,xpro1,1,fuj1,fujifilmxpro1,0.88,,,3.2,5.5,X-Trans CMOS,/,/,/
315,5f3ba61e3fd5b671b22002bb,buy.net,nik610,nikon,d610,610,nik610,nikond610,1.68,,3.5,4.4,5.6,CMOS,/,/,/
316,5f3ba61e3fd5b671b22002c9,buy.net,can600,canon,sx600,600,can600,canonpowershotsx600,0.36,4.0,18.0,2.4,4.1,CMOS,/,/,/
317,5f3ba61e3fd5b671b22002e5,buy.net,son80,sony,dscwx80,80,son80,sonycybershotdscwx80,0.24,,8.0,2.1,3.6,Exmor R CMOS,/,/,/
318,5f3ba61e3fd5b671b22002ee,buy.net,sam30,samsung,wb30f,30,sam30,samsungwb30f,0.29,5.0,10.0,2.3,3.9,CCD,/,/,/
319,5f3ba61e3fd5b671b2200301,buy.net,can135,canon,powershot135,135,can135,canonpowershot135,0.25,4.0,8.0,2.1,3.8,CCD,/,/,/
320,5f3ba61e3fd5b671b2200313,buy.net,nik6800,nikon,s6800,6800,nik6800,nikoncoolpixs6800,0.33,4.0,12.0,2.3,3.9,CMOS,/,/,/
321,5f3ba61e3fd5b671b2200332,buy.net,pan50,panasonic,dmcfz50,50,pan50,panasoniclumixdmcfz50,,,,,,,/,/,/
322,5f3ba61e3fd5b671b2200337,buy.net,oly370,olympus,vr370,370,oly370,olympussmartvr370,0.38,4.0,12.5,2.4,4.1,CCD,/,/,/
323,5f3ba61e3fd5b671b2200349,buy.net,pen50,pentax,k50,50,pen50,pentaxk50,1.30,,,3.8,5.1,CMOS,/,/,/
324,5f3ba61e3fd5b671b220034b,buy.net,oly5,olympus,em5,5,oly5,olympusomdem5,0.94,,,3.5,4.8,Live MOS,/,/,/
325,5f3ba61e3fd5b671b2200351,buy.net,pan5,panasonic,dmcg5,5,pan5,panasoniclumixdmcg5,0.76,,,3.28,4.72,CMOS,/,/,/
326,5f3ba61e3fd5b671b2200365,buy.net,fuj550,fuji,t550,550,fuj550,fujiblowersfinepixt550,0.27,2.0,12.0,2.2,3.9,CCD,/,/,/
327,5f3ba61e3fd5b671b2200372,buy.net,nik3200,nikon,d3200,3200,nik3200,nikond3200,0.06,,,3.8,4.9,CMOS,/,/,/
328,5f3ba61e3fd5b671b2200388,buy.net,hun550,hunter,x550,550,hun550,hunterbootsx550,0.94,6.0,15.0,2.9,4.0,CCD,/,/,/
329,5f3ba61e3fd5b671b2200389,buy.net,son5,sony,nex5t,5,son5,sonyalphanex5t,,4.0,3.0,,,CMOS,/,/,/
330,5f3ba61e3fd5b671b220038d,buy.net,oly10,olympus,em10,10,oly10,olympusomdem10,0.87,,3.0,3.2,4.7,Live MOS,/,/,/
331,5f3ba61e3fd5b671b220038f,buy.net,can200,canon,sx200,200,can200,canonpowershotsx200,0.48,4.0,12.0,2.4,4.1,CCD,/,/,/
332,5f3ba61e3fd5b671b2200391,buy.net,son100,sony,dscwx100,100,son100,sonycybershotdscwx100,0.24,40.0,10.0,2.1,3.6,Exmor R CMOS,/,/,/
333,5f3ba61e3fd5b671b2200397,buy.net,oly850,olympus,tg850,850,oly850,olympusstylustoughtg850,0.48,4.0,5.0,2.5,4.3,CMOS,/,/,/
334,5f3ba61e3fd5b671b220039d,buy.net,viv46,vivitar,v46,46,viv46,vivitarv46,,4.0,,2.5,3.5,CMOS,/,/,/
335,5f3ba61e3fd5b671b2200242,buy.net,nik340,nikon,p340,340,nik340,nikoncoolplixp340,0.43,4.0,5.0,2.3,4.1,CMOS,/,/,/
336,5f3ba61e3fd5b671b220025b,buy.net,pen1,pentax,mx1,1,pen1,pentaxmx1,0.80,2.0,4.0,2.4,4.8,CMOS,/,/,/
337,5f3ba61e3fd5b671b2200264,buy.net,oly5,olympus,ep5,5,oly5,olympuspenep5,0.83,,,2.71,4.81,CMOS,/,/,/
338,5f3ba61e3fd5b671b2200273,buy.net,nik120,nikon,aw120,120,nik120,nikoncoolpixaw120,0.47,4.0,5.0,2.6,4.4,CMOS,/,/,/
339,5f3ba61e3fd5b671b2200275,buy.net,int14,intova,ic14,14,int14,intovaic14,0.24,6.0,5.0,2.26,3.81,CCD,/,/,/
340,5f3ba61e3fd5b671b2200279,buy.net,oly1,olympus,em1,1,oly1,olympusomdem1,1.09,2.0,,3.7,5.1,CMOS,/,/,/
341,5f3ba61e3fd5b671b220028d,buy.net,pol426,polaroid,is426,426,pol426,polaroidis426,,,,,,,/,/,/
342,5f3ba61e3fd5b671b22002a6,buy.net,pan40,panasonic,dmczs40,40,pan40,panasoniclumixdmczs40,0.03,4.0,30.0,2.53,4.35,CMOS,/,/,/
343,5f3ba61e3fd5b671b22002bc,buy.net,son7,sony,a7,7,son7,sonyalphaa7,1.70,,2.5,,,CMOS,/,/,/
344,5f3ba61e3fd5b671b22002c7,buy.net,oly550,olympus,sp550,550,oly550,olympussp550,,,,,,,/,/,/
345,5f3ba61e3fd5b671b22002ea,buy.net,viv020,vivitar,x020,020,viv020,vivitarvivicamx020,0.04,4.0,3.0,,,,/,/,/
346,5f3ba61e3fd5b671b22002eb,buy.net,nik16,nikon,slr16,16,nik16,nikondffxformatslr16,1.56,,,4.3,5.6,CMOS,/,/,/
347,5f3ba61e3fd5b671b22002f1,buy.net,son800,sony,dscw800,800,son800,sonydscw800,0.29,10.0,5.0,0.88,2.0,CCD,/,/,/
348,5f3ba61e3fd5b671b22002f2,buy.net,fuj1,fujifilm,xm1,1,fuj1,fujifilmxm1,0.62,,,2.6,4.6,CMOS,/,/,/
349,5f3ba61e3fd5b671b2200331,buy.net,nik120,nikon,aw120,120,nik120,nikoncoolpixaw120,0.47,4.0,5.0,2.6,4.4,CMOS,/,/,/
350,5f3ba61e3fd5b671b220033b,buy.net,nik3300,nikon,d3300,3300,nik3300,nikond3300,0.94,,,3.9,4.9,CMOS,/,/,/
351,5f3ba61e3fd5b671b2200358,buy.net,can160,canon,sx160,160,can160,canonpowershotsx160,0.54,4.0,16.0,2.9,4.4,CCD,/,/,/
352,5f3ba61e3fd5b671b220035f,buy.net,fuj550,fujifilm,t550,550,fuj550,fujifilmfinepixt550,0.27,2.0,12.0,2.2,3.9,CCD,/,/,/
353,5f3ba61e3fd5b671b2200367,buy.net,son5000,sony,a5000,5000,son5000,sonya5000,0.46,4.0,3.0,2.5,4.38,CMOS,/,/,/
354,5f3ba61e3fd5b671b2200368,buy.net,nik9700,nikon,s9700,9700,nik9700,nikoncoolpixs9700,0.51,4.0,30.0,2.5,4.3,CMOS,/,/,/
355,5f3ba61e3fd5b671b2200381,buy.net,aip13,aiptek,pcm13,13,aip13,aiptekpencampcm13,0.10,,,1.3,1.2,CMOS,/,/,/
356,5f3ba61e3fd5b671b2200384,buy.net,fuj280,fujifilm,sl280,280,fuj280,fujifilmfinepixsl280,0.07,6.7,28.0,3.7,4.8,CCD,/,/,/
357,5f3ba61e3fd5b671b220038e,buy.net,can5-3,canon,5d,5-3,can5-3,canoneos5d,0.12,,,4.6,6.0,CMOS,/,/,/
358,5f3ba61e3fd5b671b22003a0,buy.net,mus830,mustek,mdc830z,830,mus830,mustekmdc830z,0.30,4.0,3.0,2.2,1.1,CCD,/,/,/
